{
  "users": [
    {
      "id": "5c9c",
      "username": "leo123"
    },
    {
      "id": "4da4",
      "username": "leo2"
    },
    {
      "id": "a2aa",
      "username": "felix123"
    }
  ],
  "contactos": [
    {
      "id": "baa1",
      "contactName": "Hector Petre",
      "contactNumber": "04121111111",
      "user": "leo123"
    },
    {
      "id": "a312",
      "contactName": "Hector Pto",
      "contactNumber": "04121111115",
      "user": "leo2"
    },
    {
      "id": "0e82",
      "contactName": "Leonardo Reyes",
      "contactNumber": "04121111111",
      "user": "felix123"
    }
  ]
}